match_id,year,slam,match_num,player1,player2,status,winner,event_name,round,court_name,court_id,player1id,player2id,nation1,nation2
2016-usopen-1101,2016,usopen,1101,Novak Djokovic,Jerzy Janowicz,,,,,,,,,,
2016-usopen-1105,2016,usopen,1105,John Isner,Frances Tiafoe,,,,,,,,,,
2016-usopen-1106,2016,usopen,1106,Jordan Thompson,Steve Darcis,,,,,,,,,,
2016-usopen-1108,2016,usopen,1108,Kyle Edmund,Richard Gasquet,,,,,,,,,,
2016-usopen-1109,2016,usopen,1109,Jo Wilfried Tsonga,Guido Andreozzi,,,,,,,,,,
2016-usopen-1110,2016,usopen,1110,James Duckworth,Robin Haase,,,,,,,,,,
2016-usopen-1111,2016,usopen,1111,Vasek Pospisil,Jozef Kovalik,,,,,,,,,,
2016-usopen-1112,2016,usopen,1112,Yoshihito Nishioka,Kevin Anderson,,,,,,,,,,
2016-usopen-1113,2016,usopen,1113,Jack Sock,Taylor Fritz,,,,,,,,,,
2016-usopen-1116,2016,usopen,1116,Rogerio Dutra Silva,Marin Cilic,,,,,,,,,,
2016-usopen-1117,2016,usopen,1117,Rafael Nadal,Denis Istomin,,,,,,,,,,
2016-usopen-1123,2016,usopen,1123,Brian Baker,Federico Delbonis,,,,,,,,,,
2016-usopen-1125,2016,usopen,1125,Gael Monfils,Gilles Muller,,,,,,,,,,
2016-usopen-1132,2016,usopen,1132,Dustin Brown,Milos Raonic,,,,,,,,,,
2016-usopen-1133,2016,usopen,1133,Dominic Thiem,John Millman,,,,,,,,,,
2016-usopen-1136,2016,usopen,1136,Janko Tipsarevic,Sam Querrey,,,,,,,,,,
2016-usopen-1137,2016,usopen,1137,Steve Johnson,Evgeny Donskoy,,,,,,,,,,
2016-usopen-1138,2016,usopen,1138,Juan Martin del Potro,Diego Schwartzman,,,,,,,,,,
2016-usopen-1141,2016,usopen,1141,Nick Kyrgios,Aljaz Bedene,,,,,,,,,,
2016-usopen-1144,2016,usopen,1144,Damir Dzumhur,Bernard Tomic,,,,,,,,,,
2016-usopen-1145,2016,usopen,1145,Alexander Zverev,Daniel Brands,,,,,,,,,,
2016-usopen-1148,2016,usopen,1148,Fernando Verdasco,Stan Wawrinka,,,,,,,,,,
2016-usopen-1149,2016,usopen,1149,Kei Nishikori,Benjamin Becker,,,,,,,,,,
2016-usopen-1152,2016,usopen,1152,Nicolas Mahut,Philipp Kohlschreiber,,,,,,,,,,
2016-usopen-1154,2016,usopen,1154,Donald Young,Jan Lennard Struff,,,,,,,,,,
2016-usopen-1156,2016,usopen,1156,Jared Donaldson,David Goffin,,,,,,,,,,
2016-usopen-1157,2016,usopen,1157,Feliciano Lopez,Borna Coric,,,,,,,,,,
2016-usopen-1164,2016,usopen,1164,Lukas Rosol,Andy Murray,,,,,,,,,,
2016-usopen-1203,2016,usopen,1203,John Isner,Steve Darcis,,,,,,,,,,
2016-usopen-1204,2016,usopen,1204,Ernesto Escobedo,Kyle Edmund,,,,,,,,,,
2016-usopen-1205,2016,usopen,1205,Jo Wilfried Tsonga,James Duckworth,,,,,,,,,,
2016-usopen-1206,2016,usopen,1206,Vasek Pospisil,Kevin Anderson,,,,,,,,,,
2016-usopen-1207,2016,usopen,1207,Jack Sock,Mischa Zverev,,,,,,,,,,
2016-usopen-1208,2016,usopen,1208,Sergiy Stakhovsky,Marin Cilic,,,,,,,,,,
2016-usopen-1209,2016,usopen,1209,Rafael Nadal,Andreas Seppi,,,,,,,,,,
2016-usopen-1211,2016,usopen,1211,Lucas Pouille,Marco Chiudinelli,,,,,,,,,,
2016-usopen-1212,2016,usopen,1212,Federico Delbonis,Roberto Bautista Agut,,,,,,,,,,
2016-usopen-1213,2016,usopen,1213,Gael Monfils,Jan Satral,,,,,,,,,,
2016-usopen-1214,2016,usopen,1214,Nicolas Almagro,Pablo Cuevas,,,,,,,,,,
2016-usopen-1215,2016,usopen,1215,Benoit Paire,Marcos Baghdatis,,,,,,,,,,
2016-usopen-1216,2016,usopen,1216,Ryan Harrison,Milos Raonic,,,,,,,,,,
2016-usopen-1217,2016,usopen,1217,Dominic Thiem,Ricardas Berankis,,,,,,,,,,
2016-usopen-1219,2016,usopen,1219,Steve Johnson,Juan Martin del Potro,,,,,,,,,,
2016-usopen-1220,2016,usopen,1220,Fabio Fognini,David Ferrer,,,,,,,,,,
2016-usopen-1221,2016,usopen,1221,Nick Kyrgios,Horacio Zeballos,,,,,,,,,,
2016-usopen-1224,2016,usopen,1224,Alessandro Giannessi,Stan Wawrinka,,,,,,,,,,
2016-usopen-1225,2016,usopen,1225,Kei Nishikori,Karen Khachanov,,,,,,,,,,
2016-usopen-1226,2016,usopen,1226,Paul Henri Mathieu,Nicolas Mahut,,,,,,,,,,
2016-usopen-1227,2016,usopen,1227,Ivo Karlovic,Donald Young,,,,,,,,,,
2016-usopen-1228,2016,usopen,1228,Viktor Troicki,Jared Donaldson,,,,,,,,,,
2016-usopen-1229,2016,usopen,1229,Feliciano Lopez,Joao Sousa,,,,,,,,,,
2016-usopen-1230,2016,usopen,1230,Jeremy Chardy,Grigor Dimitrov,,,,,,,,,,
2016-usopen-1232,2016,usopen,1232,Marcel Granollers,Andy Murray,,,,,,,,,,
2016-usopen-1301,2016,usopen,1301,Novak Djokovic,Mikhail Youzhny,,,,,,,,,,
2016-usopen-1302,2016,usopen,1302,John Isner,Kyle Edmund,,,,,,,,,,
2016-usopen-1303,2016,usopen,1303,Jo Wilfried Tsonga,Kevin Anderson,,,,,,,,,,
2016-usopen-1304,2016,usopen,1304,Jack Sock,Marin Cilic,,,,,,,,,,
2016-usopen-1305,2016,usopen,1305,Rafael Nadal,Andrey Kuznetsov,,,,,,,,,,
2016-usopen-1306,2016,usopen,1306,Lucas Pouille,Roberto Bautista Agut,,,,,,,,,,
2016-usopen-1307,2016,usopen,1307,Gael Monfils,Nicolas Almagro,,,,,,,,,,
2016-usopen-1308,2016,usopen,1308,Marcos Baghdatis,Ryan Harrison,,,,,,,,,,
2016-usopen-1309,2016,usopen,1309,Dominic Thiem,Pablo Carreno Busta,,,,,,,,,,
2016-usopen-1310,2016,usopen,1310,Juan Martin del Potro,David Ferrer,,,,,,,,,,
2016-usopen-1311,2016,usopen,1311,Nick Kyrgios,Illya Marchenko,,,,,,,,,,
2016-usopen-1312,2016,usopen,1312,Daniel Evans,Stan Wawrinka,,,,,,,,,,
2016-usopen-1313,2016,usopen,1313,Kei Nishikori,Nicolas Mahut,,,,,,,,,,
2016-usopen-1314,2016,usopen,1314,Ivo Karlovic,Jared Donaldson,,,,,,,,,,
2016-usopen-1315,2016,usopen,1315,Joao Sousa,Grigor Dimitrov,,,,,,,,,,
2016-usopen-1316,2016,usopen,1316,Paolo Lorenzi,Andy Murray,,,,,,,,,,
2016-usopen-1401,2016,usopen,1401,Novak Djokovic,Kyle Edmund,,,,,,,,,,
2016-usopen-1402,2016,usopen,1402,Jo Wilfried Tsonga,Jack Sock,,,,,,,,,,
2016-usopen-1403,2016,usopen,1403,Rafael Nadal,Lucas Pouille,,,,,,,,,,
2016-usopen-1404,2016,usopen,1404,Gael Monfils,Marcos Baghdatis,,,,,,,,,,
2016-usopen-1405,2016,usopen,1405,Dominic Thiem,Juan Martin del Potro,,,,,,,,,,
2016-usopen-1406,2016,usopen,1406,Illya Marchenko,Stan Wawrinka,,,,,,,,,,
2016-usopen-1407,2016,usopen,1407,Kei Nishikori,Ivo Karlovic,,,,,,,,,,
2016-usopen-1408,2016,usopen,1408,Grigor Dimitrov,Andy Murray,,,,,,,,,,
2016-usopen-1501,2016,usopen,1501,Novak Djokovic,Jo Wilfried Tsonga,,,,,,,,,,
2016-usopen-1502,2016,usopen,1502,Lucas Pouille,Gael Monfils,,,,,,,,,,
2016-usopen-1503,2016,usopen,1503,Juan Martin del Potro,Stan Wawrinka,,,,,,,,,,
2016-usopen-1504,2016,usopen,1504,Kei Nishikori,Andy Murray,,,,,,,,,,
2016-usopen-1601,2016,usopen,1601,Novak Djokovic,Gael Monfils,,,,,,,,,,
2016-usopen-1602,2016,usopen,1602,Stan Wawrinka,Kei Nishikori,,,,,,,,,,
2016-usopen-1701,2016,usopen,1701,Novak Djokovic,Stan Wawrinka,,,,,,,,,,
2016-usopen-2101,2016,usopen,2101,Serena Williams,Ekaterina Makarova,,,,,,,,,,
2016-usopen-2104,2016,usopen,2104,Denisa Allertova,Ana Ivanovic,,,,,,,,,,
2016-usopen-2108,2016,usopen,2108,Camila Giorgi,Samantha Stosur,,,,,,,,,,
2016-usopen-2114,2016,usopen,2114,Heather Watson,Richel Hogenkamp,,,,,,,,,,
2016-usopen-2115,2016,usopen,2115,Lucie Safarova,Daria Gavrilova,,,,,,,,,,
2016-usopen-2116,2016,usopen,2116,Kirsten Flipkens,Simona Halep,,,,,,,,,,
2016-usopen-2117,2016,usopen,2117,Agnieszka Radwanska,Jessica Pegula,,,,,,,,,,
2016-usopen-2118,2016,usopen,2118,Naomi Broady,Laura Robson,,,,,,,,,,
2016-usopen-2119,2016,usopen,2119,Katerina Siniakova,Eugenie Bouchard,,,,,,,,,,
2016-usopen-2120,2016,usopen,2120,Pauline Parmentier,Caroline Garcia,,,,,,,,,,
2016-usopen-2122,2016,usopen,2122,Kurumi Nara,Stefanie Voegele,,,,,,,,,,
2016-usopen-2125,2016,usopen,2125,Karolina Pliskova,Sofia Kenin,,,,,,,,,,
2016-usopen-2127,2016,usopen,2127,Nao Hibino,Kristina Mladenovic,,,,,,,,,,
2016-usopen-2128,2016,usopen,2128,Louisa Chirico,Anastasia Pavlyuchenkova,,,,,,,,,,
2016-usopen-2132,2016,usopen,2132,Kateryna Kozlova,Venus Williams,,,,,,,,,,
2016-usopen-2133,2016,usopen,2133,Madison Keys,Alison Riske,,,,,,,,,,
2016-usopen-2136,2016,usopen,2136,Naomi Osaka,Coco Vandeweghe,,,,,,,,,,
2016-usopen-2137,2016,usopen,2137,Barbora Strycova,Monica Niculescu,,,,,,,,,,
2016-usopen-2139,2016,usopen,2139,Taylor Townsend,Caroline Wozniacki,,,,,,,,,,
2016-usopen-2140,2016,usopen,2140,Francesca Schiavone,Svetlana Kuznetsova,,,,,,,,,,
2016-usopen-2141,2016,usopen,2141,Johanna Konta,Bethanie Mattek Sands,,,,,,,,,,
2016-usopen-2144,2016,usopen,2144,Samantha Crawford,Belinda Bencic,,,,,,,,,,
2016-usopen-2145,2016,usopen,2145,Monica Puig,Saisai Zheng,,,,,,,,,,
2016-usopen-2148,2016,usopen,2148,Elise Mertens,,,,,,,,,,,
2016-usopen-2149,2016,usopen,2149,Roberta Vinci,Anna Lena Friedsam,,,,,,,,,,
2016-usopen-2152,2016,usopen,2152,Carina Witthoeft,Misaki Doi,,,,,,,,,,
2016-usopen-2156,2016,usopen,2156,Magda Linette,Dominika Cibulkova,,,,,,,,,,
2016-usopen-2160,2016,usopen,2160,Mandy Minella,Elina Svitolina,,,,,,,,,,
2016-usopen-2163,2016,usopen,2163,,Mirjana Lucic Baroni,,,,,,,,,,
2016-usopen-2164,2016,usopen,2164,Polona Hercog,Angelique Kerber,,,,,,,,,,
2016-usopen-2201,2016,usopen,2201,Serena Williams,Vania King,,,,,,,,,,
2016-usopen-2202,2016,usopen,2202,Johanna Larsson,Denisa Allertova,,,,,,,,,,
2016-usopen-2204,2016,usopen,2204,Shuai Zhang,Samantha Stosur,,,,,,,,,,
2016-usopen-2207,2016,usopen,2207,Timea Babos,Richel Hogenkamp,,,,,,,,,,
2016-usopen-2208,2016,usopen,2208,Lucie Safarova,Simona Halep,,,,,,,,,,
2016-usopen-2209,2016,usopen,2209,Agnieszka Radwanska,Naomi Broady,,,,,,,,,,
2016-usopen-2210,2016,usopen,2210,Katerina Siniakova,Caroline Garcia,,,,,,,,,,
2016-usopen-2211,2016,usopen,2211,Ana Konjuh,Kurumi Nara,,,,,,,,,,
2016-usopen-2212,2016,usopen,2212,Varvara Lepchenko,Timea Bacsinszky,,,,,,,,,,
2016-usopen-2213,2016,usopen,2213,Karolina Pliskova,Montserrat Gonzalez,,,,,,,,,,
2016-usopen-2214,2016,usopen,2214,Kristina Mladenovic,Anastasia Pavlyuchenkova,,,,,,,,,,
2016-usopen-2215,2016,usopen,2215,Laura Siegemund,Nicole Gibbs,,,,,,,,,,
2016-usopen-2216,2016,usopen,2216,Julia Goerges,Venus Williams,,,,,,,,,,
2016-usopen-2217,2016,usopen,2217,Madison Keys,Kayla Day,,,,,,,,,,
2016-usopen-2218,2016,usopen,2218,Ying Ying Duan,Naomi Osaka,,,,,,,,,,
2016-usopen-2219,2016,usopen,2219,Monica Niculescu,Ana Bogdan,,,,,,,,,,
2016-usopen-2220,2016,usopen,2220,Caroline Wozniacki,Svetlana Kuznetsova,,,,,,,,,,
2016-usopen-2221,2016,usopen,2221,Johanna Konta,Tsvetana Pironkova,,,,,,,,,,
2016-usopen-2222,2016,usopen,2222,Andrea Petkovic,Belinda Bencic,,,,,,,,,,
2016-usopen-2223,2016,usopen,2223,Saisai Zheng,Kateryna Bondarenko,,,,,,,,,,
2016-usopen-2224,2016,usopen,2224,Anastasija Sevastova,,,,,,,,,,,
2016-usopen-2225,2016,usopen,2225,Roberta Vinci,Christina McHale,,,,,,,,,,
2016-usopen-2228,2016,usopen,2228,Evgeniya Rodina,Dominika Cibulkova,,,,,,,,,,
2016-usopen-2229,2016,usopen,2229,Petra Kvitova,Cagla Buyukakcay,,,,,,,,,,
2016-usopen-2230,2016,usopen,2230,Lauren Davis,Elina Svitolina,,,,,,,,,,
2016-usopen-2231,2016,usopen,2231,Shelby Rogers,Catherine Bellis,,,,,,,,,,
2016-usopen-2232,2016,usopen,2232,Mirjana Lucic Baroni,Angelique Kerber,,,,,,,,,,
2016-usopen-2301,2016,usopen,2301,Serena Williams,Johanna Larsson,,,,,,,,,,
2016-usopen-2302,2016,usopen,2302,Yaroslava Shvedova,Shuai Zhang,,,,,,,,,,
2016-usopen-2303,2016,usopen,2303,,Elena Vesnina,,,,,,,,,,
2016-usopen-2304,2016,usopen,2304,Timea Babos,Simona Halep,,,,,,,,,,
2016-usopen-2305,2016,usopen,2305,Agnieszka Radwanska,Caroline Garcia,,,,,,,,,,
2016-usopen-2306,2016,usopen,2306,Ana Konjuh,Varvara Lepchenko,,,,,,,,,,
2016-usopen-2307,2016,usopen,2307,Karolina Pliskova,Anastasia Pavlyuchenkova,,,,,,,,,,
2016-usopen-2308,2016,usopen,2308,Laura Siegemund,Venus Williams,,,,,,,,,,
2016-usopen-2309,2016,usopen,2309,Madison Keys,Naomi Osaka,,,,,,,,,,
2016-usopen-2310,2016,usopen,2310,Monica Niculescu,Caroline Wozniacki,,,,,,,,,,
2016-usopen-2311,2016,usopen,2311,Johanna Konta,Belinda Bencic,,,,,,,,,,
2016-usopen-2312,2016,usopen,2312,Kateryna Bondarenko,Anastasija Sevastova,,,,,,,,,,
2016-usopen-2313,2016,usopen,2313,Roberta Vinci,Carina Witthoeft,,,,,,,,,,
2016-usopen-2314,2016,usopen,2314,Lesia Tsurenko,Dominika Cibulkova,,,,,,,,,,
2016-usopen-2315,2016,usopen,2315,Petra Kvitova,Elina Svitolina,,,,,,,,,,
2016-usopen-2316,2016,usopen,2316,Catherine Bellis,Angelique Kerber,,,,,,,,,,
2016-usopen-2401,2016,usopen,2401,Serena Williams,Yaroslava Shvedova,,,,,,,,,,
2016-usopen-2402,2016,usopen,2402,,Simona Halep,,,,,,,,,,
2016-usopen-2403,2016,usopen,2403,Agnieszka Radwanska,Ana Konjuh,,,,,,,,,,
2016-usopen-2404,2016,usopen,2404,Karolina Pliskova,Venus Williams,,,,,,,,,,
2016-usopen-2405,2016,usopen,2405,Madison Keys,Caroline Wozniacki,,,,,,,,,,
2016-usopen-2406,2016,usopen,2406,Johanna Konta,Anastasija Sevastova,,,,,,,,,,
2016-usopen-2407,2016,usopen,2407,Roberta Vinci,Lesia Tsurenko,,,,,,,,,,
2016-usopen-2408,2016,usopen,2408,Petra Kvitova,Angelique Kerber,,,,,,,,,,
2016-usopen-2501,2016,usopen,2501,Serena Williams,Simona Halep,,,,,,,,,,
2016-usopen-2502,2016,usopen,2502,Ana Konjuh,Karolina Pliskova,,,,,,,,,,
2016-usopen-2503,2016,usopen,2503,Caroline Wozniacki,Anastasija Sevastova,,,,,,,,,,
2016-usopen-2504,2016,usopen,2504,Roberta Vinci,Angelique Kerber,,,,,,,,,,
2016-usopen-2601,2016,usopen,2601,Serena Williams,Karolina Pliskova,,,,,,,,,,
2016-usopen-2602,2016,usopen,2602,Caroline Wozniacki,Angelique Kerber,,,,,,,,,,
2016-usopen-2701,2016,usopen,2701,Karolina Pliskova,Angelique Kerber,,,,,,,,,,
